title,sub,category,impact,emoji,comparison,comment,action_title,action_desc,action_level,action_points,action_saving,icon,source,source_url,confidence,note,added,origin,world,world_source
100 Emails,Messaging,DIGITAL,0.02,📧,~20 kg/year if you send 10000 emails,"Most of that comes from the data centres storing and routing your messages, not your phone. I assumed it was the phone.",,,,,,mail,,,,,,,,
10 Hour Streaming,Video streaming,DIGITAL,0.8,📺,Streaming accounts for ~80% of internet traffic,"The digital sector produces 4% of global GHG right now, and that's projected to reach 14% by 2040.",,,,,,tv,,,,,,,,
1 Banana,Single fruit,FOOD,0.11,🍌,~20 kg/year eating one every second day,"One of the lowest-footprint foods you can buy, bananas travel by ship not plane and need no packaging.",,,,,,banana,,,,,,,,
1kg Potatoes,Production,FOOD,0.3,🥔,~25 kg/year on average per person in Ireland,People in Ireland eat between 85 kg and 96 kg of potatoes a year. I didn't expect the humble spud to add up to that much.,,,,,,sprout,,,,,,,,
1 Bag of Tayto,Single packet 25g,FOOD,0.08,🥔,~6 kg/year if you have one every day,"Crisp production takes a lot of energy, and the packaging adds to the footprint too.",,,,,,popcorn,,,,,,,,
1 Pint of Guinness,Draught pint,FOOD,0.5,🍺,~30 kg/year for a pint a day,"Diageo, the company behind Guinness, has committed to net zero operations by 2030. Fair play to them, that's one to watch.",,,,,,beer,,,,,,,,
1kg Irish Butter,Production,FOOD,8.8,🧈,~33 kg/year at typical household use,"Irish dairy has one of the lower emissions intensities in Europe, but it's still significant.",,,,,,milk,,,,,,,,
1kg Cheddar Cheese,Production,FOOD,9.8,🧀,Cheese requires ~10L of milk per kg,Dairy is Ireland's biggest source of agricultural emissions. I didn't expect cheese to be the bigger story than beef here.,,,,,,utensils,,,,,,,,
1kg Chicken,"Global average, farm to shop",FOOD,9.9,🍗,A 150 g chicken breast is about 1.5 kg.,"I looked for Irish chicken figures and found none I trust. Much of the feed is imported, so I use the world average.",,,,,,drumstick,"Our World in Data, Poore & Nemecek 2018 (Poultry Meat), full life cycle incl. land use",https://ourworldindata.org/grapher/ghg-per-kg-poore,medium,"Changed from 6.9 (no documented source) on 27 Sep 2026. No Irish poultry footprint from Teagasc, Bord Bia or EPA; Irish broilers rely on imported soya and grain. OWID 9.87 = LUC 3.51 + farm 0.93 + feed 2.45 + post-farm 1.52 + losses 1.45.",,,,
1 Litre Oat Milk,Production,FOOD,0.9,🥛,vs ~1.3 kg for Irish cow's milk,Oat milk uses about 80% less land and 60% less water than dairy milk. Grand alternative if you ask me.,,,,,,wheat,,,,,,,,
1 Litre Cow's Milk,"Irish milk, farm to shop",FOOD,1.3,🥛,About 475 kg a year for a household using a litre a day.,"Irish milk is among the lowest-carbon in the world, well under half the global average at the farm gate. All that grass helps.",,,,,,milk,"Teagasc National Farm Survey Sustainability Report (about 1 kg CO2e per litre at the farm gate, against a global average of about 2.5), plus processing, packaging and transport",https://www.teagasc.ie/news--events/daily/environment/how-big-is-your-carbon-footprint.php,medium,"Changed from 3.2 (Poore & Nemecek global average) to 1.3 on 27 Sep 2026 at Fabien's request: Irish milk is about 1.2 to 1.4 kg CO2e per litre once processing and distribution are added to the Teagasc farm-gate figure. Only 4% from 1 Sliced Pan (1.25), so the two are never dealt together.",,IE,3.2,"Our World in Data, Poore & Nemecek 2018 (milk, full life cycle incl. land use) (3.15, rounded)"
1 Washing Load,40°C cycle,HOUSEHOLD,0.7,👕,Most emissions come from the energy to warm up the water,"Washing at 30°C instead of 40°C cuts energy use by about 40%, and modern detergents work just as well.",,,,,,washing-machine,,,,,,,,
10 Min Shower,Hot water,HOUSEHOLD,2.1,🚿,~760 kg CO₂/year if you shower daily,"Cutting a 10 minute shower to 4 minutes roughly halves the footprint, and it saves on hot water bills too.",,,,,,shower-head,,,,,,,,
1 Tumble Dryer Load,Single cycle,HOUSEHOLD,1.8,🌀,~280 kg/year if used daily,Air drying clothes saves the full amount. Dryers are among the most energy hungry appliances in the home.,,,,,,wind,,,,,,,,
1 Dishwasher Cycle,Standard cycle,HOUSEHOLD,0.7,🍽️,Similar footprint to a washing machine load at 40°C,Roughly equivalent to a washing machine load. Newer A-rated models use significantly less energy though.,,,,,,utensils-crossed,,,,,,,,
Heating Home 1 Day,Gas boiler average,HOUSEHOLD,12,🔥,~4400 kg/year for a typical Irish home,"Over half of Irish homes still heat with gas or oil. Heat pumps cut this by 50 to 70%, which is a big jump.",,,,,,flame,,,,,,,,
LED Bulb vs Halogen,Per year of use,HOUSEHOLD,20,💡,Switching all bulbs in a home saves ~80 kg/year,"LED bulbs use about 80% less energy, and halogen bulbs are now banned for sale in the EU.",,,,,,lightbulb,,,,,,,,
1 Pizza,Average size,FOOD,1.5,🍕,~78 kg/year if you eat one every week,The cheese topping accounts for nearly half the pizza's total footprint. I checked twice because that seemed high.,,,,,,pizza,,,,,,,,
1 Cheeseburger,"100 g Irish beef patty, bun and cheese",FOOD,3.9,🍔,"Eaten once a week, about 200 kg a year.",The beef patty is about nine tenths of this burger's footprint. The bun and the cheese barely register.,,,,,,hamburger,Derived from the 1kg Beef (35) and 1kg Cheddar (9.8) cards and OWID wheat bread (1.57),https://ourworldindata.org/grapher/ghg-per-kg-poore,low,"Changed from 3.2 on 27 Sep 2026. Patty 0.100 x 35 = 3.50; bun 0.080 x 1.57 = 0.13; cheese 0.020 x 9.8 = 0.20; salad, sauce, wrap about 0.10; total 3.93. A 45 g fast-food patty would be about 2.0.",,,,
100km by Train,Rail travel,TRANSPORT,6,🚆,About 4x less than the same trip by car,"Irish Rail has committed to full electrification by 2030, so the footprint will fall further as the grid gets greener.",,,,,,train-front,,,,,,,,
1kg of Coffee Beans,Production,FOOD,15,☕,~180 kg/year at 1 kg/month,Coffee production takes a lot of water. I didn't realise my morning coffee had that kind of footprint behind it.,Switch to a certified sustainable coffee brand,Look for Rainforest Alliance or organic certification next time you buy beans or ground coffee.,beginner,50,Reduces water use and land pressure per kg of beans,coffee,,,,,,,,
100km by Car,Petrol average,TRANSPORT,25,🚗,~4000 kg/year at 16000 km driven,"That excludes manufacturing, and it also causes local air pollution and health impacts.",Replace one car journey with public transport this week,Even one return trip by bus or train instead of car saves roughly 50 kg CO₂ over the year if done weekly.,beginner,75,~50 kg CO₂ saved/year if done weekly,car,,,,,,,,
1kg Lamb,"Irish lamb, farm to shop",FOOD,40,🐑,A 150 g portion of lamb is about 6 kg.,I hoped Irish grass would make lamb greener. The Irish figures land close to the world average. Sheep burp a lot of methane.,Try one lamb-free week this month,Lamb has one of the highest footprints of any meat. Swapping it for chicken or legumes makes a real difference.,beginner,50,~40 kg CO₂ saved per kg avoided,beef,"Full life cycle incl. land use: Teagasc Sheep LCA and NFS Sustainability Report 2024 (farm), Poore & Nemecek 2018 via OWID (land-use change, post-farm, losses)",https://teagasc.ie/news--events/daily/counting-sheep-emissions/,medium,"Changed from 28 on 27 Sep 2026 (full LCA, Fabien). Farm about 11 kg CO2e per kg liveweight (Teagasc lowland flock 10.8, only about 4% below the global 11.3), 93% to meat, kill-out 0.46 x yield 0.71, OWID GWP = 36.5; land-use change +0.65; post-farm +2.9; losses x1.174 = 47 (41 on Teagasc GWP). OWID lamb is 39.7. Recommended 40, range 36-47. Irish lamb shows no advantage over the global figure.",,IE,39.7,"Our World in Data, Poore & Nemecek 2018 (lamb and mutton, full life cycle incl. land use)"
1 Pair Leather Shoes,Production,FASHION,30,👞,Same as driving a petrol car about 120 km,"The tanning process for leather is highly polluting, and most leather is a by-product of the beef industry.",Buy your next pair of shoes second-hand or from a sustainable brand,Manufacturing one pair of leather shoes produces ~30 kg CO₂. Second-hand or vegan alternatives cut that dramatically.,intermediate,75,Up to 30 kg CO₂ saved per pair,footprints,,,,,,,,
1 Fast Fashion T-Shirt,Manufacturing,FASHION,6,👕,Same as leaving a phone charger plugged in for 6 months,"About 96% of cotton is grown with pesticides, and fast fashion creates 92 million tonnes of waste a year.",,,,,,shirt,,,,,,,,
1 Pair of Jeans,Manufacturing,FASHION,33,👖,Same footprint as driving ~130 km in a petrol car,"It takes about 7500 litres of water to make one pair, equivalent to about 7 years of drinking water.",,,,,,scissors,,,,,,,,
1kg Beef,"Irish beef, farm to shop",FOOD,35,🥩,"A 100 g serving is about 3.5 kg, and the kilo is about 60 times the 1kg of lentils card (0.58 kg).","Irish beef comes in below the world average, but it's still one of the heaviest foods I've found. Kilo for kilo, sixty times lentils.",Try one beef-free week,"Beef is the highest-impact common food. Replacing it with chicken, fish or plant protein just once a week adds up.",beginner,75,~35 kg CO₂ saved per kg avoided,beef,"Full life cycle incl. land use: Teagasc NFS Sustainability Report 2024 and Bord Bia SBLAS 2023 (farm), Poore & Nemecek 2018 via OWID (land-use change, processing, transport, retail, packaging, losses)",https://teagasc.ie/wp-content/uploads/uploads/media/website/publications/2025/NFS-Sustainability-Report-2024.pdf,medium,"Changed from 60 on 27 Sep 2026 (full LCA, Fabien). Farm about 10 kg CO2e per kg liveweight, 93% allocated to meat, kill-out 0.56 x retail yield 0.72, re-weighted to OWID GWP (+15%) = 26.5; land-use change +1.3 (imported feed, OWID proxy); post-farm +2.9; losses x1.17 = about 36 (32 on Teagasc GWP). Range 28-40. OWID beef herd is 99.5; about a third of the gap is land-use change, most is farm and feed efficiency. Soil sequestration not netted. Lowest-in-the-world claims are not supported (JRC data is 2002-04; GLEAM puts Ireland about 5% below the EU).",,IE,99.5,"Our World in Data, Poore & Nemecek 2018 (beef herd, full life cycle incl. land use)"
1 Smartphone,Manufacturing,DIGITAL,70,📱,Same as charging your phone every day for 185 years,"About 80% of a phone's lifetime footprint comes from manufacturing, not from using it.",Keep your current phone for one more year,Manufacturing a new smartphone produces ~70 kg CO₂. The best phone for the planet is the one you already own.,beginner,75,~70 kg CO₂ saved,smartphone,,,,,,,,
1 Bicycle,Manufacturing,TRANSPORT,96,🚲,Same as a return Dublin–Belfast train journey,"Manufacturing is the main footprint, once built a bike produces zero emissions per km.",Buy your next bike second-hand,"Manufacturing a new bicycle uses ~96 kg CO₂. Second-hand bikes cut that to near zero, and save money too.",beginner,50,Up to 96 kg CO₂ saved,bike,,,,,,,,
Dublin–Holyhead Ferry,Return crossing,TRANSPORT,38,⛴️,A return flight Dublin–Manchester emits ~3x more CO₂,"Ferry and train to the UK is often just as quick once you factor in airport check-in, and it's far lower carbon.",,,,,,ship,,,,,,,,
1 Rasher of Bacon,"One back rasher, about 28 g",FOOD,0.35,🥓,One a day for a year is about 128 kg.,One rasher looks tiny. A rasher a day for a year adds up to about 128 kilos.,,,,,,ham,"Derived from the 1kg Pork card (Poore & Nemecek 2018 via OWID, 12.3 per kg)",https://ourworldindata.org/grapher/ghg-per-kg-poore,low,"Changed from 0.14 on 27 Sep 2026: 0.14 implied 5 kg per kg, half the pork card. 12.3 x 0.028 kg = 0.34. Range 0.2-0.45 by rasher size.",,,,
1 New Electric Car,Manufacturing,TRANSPORT,8000,⚡,~3x lower lifetime emissions than a new petrol car,"EVs break even against petrol cars after about 2 to 3 years of use, and their lifetime emissions stay significantly lower.",,,,,,battery-charging,,,,,,,,
Paris Olympics Visit,Per visitor,SPORT,125,🏅,1.6 Mt total across 13 to 16 million visitors,"That's lower than Tokyo's footprint, and about half the impact of the London Olympics.",Choose a local or low-travel event for your next big trip,A single major sporting event visit can cost 125 kg CO₂. Choosing an event within driving distance makes a big difference.,intermediate,75,~125 kg CO₂ saved per trip avoided,medal,,,,,,,,
1 Laptop,Manufacturing,DIGITAL,300,💻,Same as flying Dublin to London and back,"About 75% of a laptop's total footprint happens during manufacturing, before you even switch it on.",Repair or refurbish your laptop instead of buying new,"A new laptop produces ~300 kg CO₂ in manufacturing alone. Most repairs cost a fraction of that, and extend its life by years.",intermediate,100,Up to 300 kg CO₂ saved,laptop,,,,,,,,
Dublin–Madrid Flight,Return economy,TRANSPORT,550,✈️,2.2 tonnes/year for 4 yearly trips,"Aviation makes up 2.5% of global emissions, and it's very unevenly distributed, a small share of people fly the most.",Replace one short-haul flight with a train or ferry,"A return Dublin–Madrid flight produces ~550 kg CO₂. For journeys under 5–6 hours, train is usually feasible and far lower impact.",intermediate,150,~550 kg CO₂ saved per trip,plane,,,,,,,,
1 Year Digital Life,Email streaming etc.,DIGITAL,636,🌐,1844 kg/year for a 2.9-person household,The digital sector's share of global GHG stands at 4% today and is projected to climb to 14% by 2040.,Enable downloads instead of streaming this week,"Streaming constantly uses data centres. Downloading music or videos on Wi-Fi, then watching offline, cuts that energy use significantly.",beginner,50,Part of your ~636 kg/year digital footprint,wifi,,,,,,,,
1 Year Pet Dog,Annual care,HOUSEHOLD,770,🐕,Similar to a return flight from Dublin to New York,"Most of a dog's footprint comes from their meat-based food, switching to a lower-carbon brand makes a real difference.",Switch your dog to a lower-impact food brand,"A dog's annual footprint is ~770 kg CO₂, mostly from meat-based food. Several brands now offer lower-carbon recipes with insect or plant protein.",intermediate,100,Could reduce pet footprint by 20–40%,dog,,,,,,,,
1 Ton Cement,Production,CONSTRUCTION,900,🏗️,~200 kg for a 10 m² terrace (10 cm thick),"Cement production accounts for about 8% of global CO₂ emissions, more than all the world's trucks combined. That's not some small industry hiding in the background.",Ask about lower-carbon materials for your next home project,"Cement production is highly carbon-intensive. For patios, paths or small builds, alternatives like recycled aggregate or timber can be used.",advanced,100,~900 kg CO₂ per tonne avoided,construction,,,,,,,,
1 Year Food Waste,Household average,FOOD,1600,🗑️,~30% of food is wasted,"Wasted food generates methane as it breaks down, so cutting it back is one of the biggest opportunities out there.",Plan your meals this week to reduce food waste,"The average household wastes enough food to produce 1,600 kg CO₂ a year. A simple weekly plan and checking your fridge before shopping can cut that by half.",beginner,100,Up to 800 kg CO₂ saved/year,trash-2,,,,,,,,
NY–London Flight,Return economy,TRANSPORT,1800,🛫,Business class is even higher,"Aviation accounts for 2.5% of global emissions, and it's spread very unevenly, a small share of frequent flyers rack up most of it.","Offset your next long-haul flight, and consider flying less","A return NY–London flight produces ~1,800 kg CO₂. High-quality carbon offsets through Gold Standard can neutralise that while you reduce flying long-term.",advanced,150,~1800 kg CO₂ offset,plane,,,,,,,,
$10K in a Dirty Bank,Yearly lending impact,FINANCE,2400,🏦,More than flying return from Dublin to Australia,Between 20 and 30% of bank lending goes to carbon-intensive industry. Where your money sits matters more than I realised.,"Check if your bank funds fossil fuels, and consider switching","€10K in a fossil-fuel-lending bank generates ~2,400 kg CO₂/year through loans. Green banks like Triodos exist and are fully regulated.",advanced,200,Up to 2400 kg CO₂/year avoided,landmark,,,,,,,,
New Small Car,Citroen C1 manufacturing,TRANSPORT,4000,🚙,Same as an average Irish person's entire carbon footprint for 5 months,"Even the smallest new car carries a large manufacturing footprint, second-hand is always the lower-carbon choice.",Consider a second-hand or electric car for your next purchase,"Manufacturing a new small car produces ~4,000 kg CO₂. Buying second-hand avoids that entirely. EVs have a lower lifetime footprint even accounting for the battery.",advanced,150,~4000 kg CO₂ saved vs. new petrol car,car,,,,,,,,
New Range Rover,Manufacturing,TRANSPORT,25000,🏎️,Same as heating an Irish home for nearly 6 years,One of the highest manufacturing footprints of any consumer product you can buy. I did not see that coming from a car.,Consider a smaller second-hand or electric vehicle next time,"A new Range Rover produces ~25,000 kg CO₂ in manufacturing, one of the highest of any consumer product. Even a new mid-size EV is dramatically lower.",advanced,200,~20000+ kg CO₂ saved vs. new large SUV,car-front,,,,,,,,
1kg Asparagus,Fresh production,FOOD,0.4,🌿,"Flown from Peru it jumps to ~12 kg CO₂, 30x higher","Asparagus is often imported out of season. Shipped from Peru it rises to 0.67 kg, but flown it can reach almost 12 kg.",,,,,,sprout,,,,,,,,
1 Litre of Tap Water,"From the tap, drinking water",FOOD,0.0001,🚰,Two litres a day for a whole year is only about 0.1 kg.,I nearly missed this one. Tap water barely registers at all.,,,,,,droplet,"ADEME Impact CO2 (Agribalyse 3.2), Eau du robinet",https://impactco2.fr/api/v1/thematiques/ecv/3,high,"0.000132 kg per litre, French tap water.",2026-09-27,,,
1 Cup of Tea,"With a splash of milk, kettle boiled",FOOD,0.04,🫖,A cup a day for a year is about 15 kg.,The splash of milk has a bigger footprint than the tea itself. I did not expect that.,,,,,,coffee,"ADEME Impact CO2 (Agribalyse 3.2), Thé and Lait de vache",https://impactco2.fr/api/v1/thematiques/ecv/3,medium,"Derived: 225 ml tea x 0.0436/L = 0.010, plus 25 ml milk x 1.15/L = 0.029, total 0.039.",2026-09-27,,,
1 Apple,"About 150 g, farm to shop",FOOD,0.065,🍎,An apple a day for a year is about 24 kg.,Apples are one of the lightest foods in the data. A good snack for the planet too.,,,,,,apple,"Our World in Data, Poore & Nemecek 2018 (Apples 0.43 kg per kg)",https://ourworldindata.org/grapher/ghg-per-kg-poore,medium,"Derived: 0.43 x 0.15 kg = 0.0645. Global average, land use to retail.",2026-09-27,,,
1 Can of Fizzy Drink,330 ml soft drink,FOOD,0.16,🥤,A can a day for a year is about 60 kg.,"About 70% of it is packaging and transport, not the drink inside.",,,,,,cup-soda,"ADEME Impact CO2 (Agribalyse 3.2), Soda",https://impactco2.fr/api/v1/thematiques/ecv/3,medium,Derived: 0.493/L x 0.33 = 0.163. Packaging plus transport = 70%.,2026-09-27,,,
1 Glass of Wine,"175 ml, bottled",FOOD,0.22,🍷,A full 750 ml bottle is about 0.95 kg.,More than half the footprint of wine is the glass bottle. The grapes are the small part.,,,,,,wine,"ADEME Impact CO2 (Agribalyse 3.2), Vin",https://impactco2.fr/outils/boisson,medium,Derived: 1.269/L x 0.175 = 0.222. Packaging 54%. OWID wine 1.79/kg would give 0.31.,2026-09-27,,,
1 Flat White,"Café coffee with milk, conventional beans",FOOD,0.34,☕,One a day for a year is about 124 kg.,"A latte has more milk, so it comes in higher, about 0.55 kg. The milk adds up.",,,,,,coffee,"The Conversation (Keele University analysis, 2021)",https://theconversation.com/coffee-heres-the-carbon-cost-of-your-daily-cup-and-how-to-make-it-climate-friendly-152629,high,Exact figure in the source. Conventional coffee at 15.33 kg per kg green coffee.,2026-09-27,,,
1kg Lentils,"Dried lentils, green, blond or red",FOOD,0.58,🫘,The 1kg of beef card is about 60 times more.,"Lentils give you protein for a tiny footprint. Kilo for kilo, beef is a whole different planet.",,,,,,bean,"ADEME Impact CO2 (Agribalyse 3.2), Lentilles",https://impactco2.fr/api/v1/thematiques/ecv/2,high,"0.58 per kg, farm to shop. OWID other pulses 1.79.",2026-09-27,,,
1 Egg and Cress Sandwich,"Shop-bought, ready-made",FOOD,0.74,🥪,"The all-day breakfast sandwich in the same study was 1.44 kg, nearly double.",Making your own sandwich can cut its footprint by about half. Easy one.,,,,,,sandwich,"University of Manchester, Espinoza-Orias & Azapagic 2018",https://www.manchester.ac.uk/about/news/what-is-the-environmental-impact-of-your-lunch-time-sandwich/,high,"739 g, lowest ready-made sandwich in the study (UK). Includes packaging, retail refrigeration and waste.",2026-09-27,,,
1 Sliced Pan,800 g loaf of sliced white bread,FOOD,1.25,🍞,That's about 0.06 kg per slice across 20 slices.,Bread is a small footprint per slice. Wasting half the loaf still doubles it though.,,,,,,croissant,"ADEME Impact CO2 (Agribalyse 3.2), Pain de mie",https://impactco2.fr/api/v1/thematiques/ecv/2,medium,Derived: 1.559 per kg x 0.8 = 1.25. French sandwich bread as a proxy for an Irish sliced pan.,2026-09-27,,,
1kg Beet Sugar,Sugar from sugar beet,FOOD,1.8,🍬,"Cane sugar in the same data is 3.2 kg per kg, almost double.",Where sugar comes from matters. Beet sugar came out lower than cane sugar in the data I found.,,,,,,candy,"Our World in Data, Poore & Nemecek 2018",https://ourworldindata.org/grapher/ghg-per-kg-poore,high,1.81 per kg (cane sugar 3.20).,2026-09-27,,,
1kg Tomatoes,"Fresh tomatoes, global average",FOOD,2.1,🍅,About 4.5 times 1kg of potatoes in the same study (0.46 kg).,"I thought tomatoes would be light. They're heavier than potatoes, apples and onions.",,,,,,salad,"Our World in Data, Poore & Nemecek 2018",https://ourworldindata.org/grapher/ghg-per-kg-poore,high,2.09 per kg.,2026-09-27,,,
1kg Porridge Oats,"Rolled oats, dry",FOOD,2.5,🥣,A 40 g bowl made with water is about 0.1 kg.,Oats are a light breakfast. Make porridge with a glass of milk and the milk outweighs the oats.,,,,,,wheat,"Our World in Data, Poore & Nemecek 2018 (Oatmeal)",https://ourworldindata.org/grapher/ghg-per-kg-poore,high,2.48 per kg.,2026-09-27,,,
1 Meal with Beef,"One plate, French average recipe",FOOD,5,🍽️,Nearly 6 times a vegetarian meal (0.85 kg).,"Same plate, swap the beef, and the footprint drops by more than 80%. That's a big lever.",,,,,,utensils,"ADEME Impact CO2, Repas avec du boeuf",https://impactco2.fr/api/v1/thematiques/ecv/2,high,4.97 per meal. Vegetarian meal 0.85 (same source).,2026-09-27,,,
1 Bowl of Lamb Stew,Welsh cawl with bread and butter,FOOD,5.9,🍲,About 4 portions of fish and chips (1.5 kg each).,Three quarters of this stew's footprint comes from the lamb. Sheep burp methane as they digest.,,,,,,cooking-pot,"WWF UK, Food in a Warming World (2018)",https://www.wwf.org.uk/sites/default/files/2018-03/Food_in_a_warming_world_report.PDF,high,"5.9 per serving, UK-sourced ingredients.",2026-09-27,,,
1kg Pork,"Pig meat, farm to shop",FOOD,12.3,🍖,About 1.2 times the 1kg of chicken card (9.9 kg).,Pork sits between chicken and beef. Still a lot more than any plant I've checked.,,,,,,ham,"Our World in Data, Poore & Nemecek 2018 (Pig Meat)",https://ourworldindata.org/grapher/ghg-per-kg-poore,high,"12.31 per kg, global. ADEME pork 6.67. Checked 27 Sep 2026 against Irish data: Teagasc/Bord Bia calculator 5.52 per kg pigmeat at the farm gate builds to about 13-16 on the full boundary, no lower than OWID, so the global figure stays.",2026-09-27,,,
1kg Prawns,Farmed prawns,FOOD,20.3,🦐,A 200 g pack is about 4 kg.,Prawns surprised me. Per kilo they're heavier than chicken or pork.,,,,,,shrimp,"ADEME Impact CO2 (Agribalyse 3.2), Crevettes",https://impactco2.fr/api/v1/thematiques/ecv/2,medium,20.35 per kg. OWID farmed prawns 26.87.,2026-09-27,,,
1kg Dark Chocolate,Farm to shop,FOOD,46.7,🍫,A 100 g bar is about 4.7 kg.,"Chocolate was a shock. Kilo for kilo, dark chocolate beats lamb in the global data.",,,,,,cookie,"Our World in Data, Poore & Nemecek 2018",https://ourworldindata.org/grapher/ghg-per-kg-poore,high,46.65 per kg vs lamb 39.72 in the same dataset. Includes land-use change.,2026-09-27,,,
1 Week of Food,"Average UK diet, one person",FOOD,36,🛒,"About 1,900 kg over a year.","To stay on track, a day of food needs to drop from 5.17 kg to about 4.09 kg by 2030.",,,,,,shopping-cart,"WWF UK, Food in a Warming World (2018)",https://www.wwf.org.uk/sites/default/files/2018-03/Food_in_a_warming_world_report.PDF,medium,Derived: 5.17 per person per day x 7 = 36.2. UK.,2026-09-27,,,
1 Year of Bottled Water,"One litre a day, plastic bottles",FOOD,117,💧,The same amount of tap water is about 0.05 kg.,Almost all of it is the bottle and the lorry. The water itself is nothing.,,,,,,glass-water,"ADEME Impact CO2 (Agribalyse 3.2), Eau en bouteille",https://impactco2.fr/outils/boisson,medium,Derived: 0.3207/L x 365 = 117.,2026-09-27,,,
365 Lattes,One café latte a day for a year,FOOD,200,☕,Same year of lattes with sustainably grown coffee: about 120 kg.,Coffee grown sustainably would cut each latte to about 0.33 kg. Farming choices matter.,,,,,,coffee,"The Conversation (Keele University analysis, 2021)",https://theconversation.com/coffee-heres-the-carbon-cost-of-your-daily-cup-and-how-to-make-it-climate-friendly-152629,medium,Derived: 0.55 per latte x 365 = 200.75.,2026-09-27,,,
1kg Rice,"Uncooked, global average",FOOD,4.45,🍚,A 75 g portion is about 0.33 kg.,Rice is heavier than wheat or oats. Flooded paddy fields give off methane.,,,,,,soup,"Our World in Data, Poore & Nemecek 2018",https://ourworldindata.org/grapher/ghg-per-kg-poore,medium,4.45 per kg. ADEME rice 2.01. 12% below Meal with Beef 4.97.,2026-09-27,,,
5km Taxi Ride,"Regular taxi, one passenger",TRANSPORT,0.93,🚕,A short taxi hop makes a bit more CO2 than one dishwasher cycle.,"Taxis are handy, but for 5km a bike or the Luas does the job with far less CO2.",,,,,,car-taxi-front,UK DESNZ GHG Conversion Factors 2025 (regular taxi),https://www.gov.uk/government/publications/greenhouse-gas-reporting-conversion-factors-2025,medium,0.18558 kg CO2e per passenger-km (incl. WTT) x 5 km.,2026-09-27,,,
"Dublin–Holyhead Ferry, Foot Passenger","Return crossing, no car",TRANSPORT,4.9,⛴️,Taking a car on board makes the same crossing roughly seven times higher.,Walking onto the ferry is one of the gentlest ways to leave the island. The car is what makes it heavy.,,,,,,ship,"UK DESNZ GHG Conversion Factors 2025 (ferry, foot passenger)",https://www.gov.uk/government/publications/greenhouse-gas-reporting-conversion-factors-2025,medium,0.02295 kg/pkm x 214 km return.,2026-09-27,,,
Dublin to Galway by Coach,"About 210km, one passenger",TRANSPORT,7.2,🚌,Driving it alone in an average petrol car would be about six times more.,"Same road, same city at the end. Sharing a coach with loads of people shrinks my share of the CO2.",,,,,,bus,UK DESNZ GHG Conversion Factors 2025 (coach),https://www.gov.uk/government/publications/greenhouse-gas-reporting-conversion-factors-2025,medium,0.03432 kg/pkm x 210 km.,2026-09-27,,,
Dublin to Belfast by Electric Car,"About 170km on the Irish grid, driver only",TRANSPORT,8.9,🔌,"The same trip in an average petrol car is about 35 kg, four times more.","Irish wind power helps here. As the grid gets greener, this number keeps shrinking.",,,,,,plug-zap,SEAI Energy in Ireland 2024 (253.7 g CO2/kWh) and UK DESNZ 2025 EV energy use (0.20656 kWh/km),https://www.seai.ie/sites/default/files/publications/energy-in-ireland-2024.pdf,medium,170 km x 0.20656 kWh/km x 0.2537. Charging only.,2026-09-27,,,
100km by Bus,"Local diesel bus, per passenger",TRANSPORT,15.7,🚍,A long-distance coach does the same 100km for about 3.4 kg per person.,Town buses stop and start all day and aren't always full. Fill them up and each seat gets cleaner.,,,,,,bus-front,UK DESNZ GHG Conversion Factors 2025 (local bus),https://www.gov.uk/government/publications/greenhouse-gas-reporting-conversion-factors-2025,medium,0.15699 kg/pkm x 100.,2026-09-27,,,
Dublin to Galway by Motorbike,"About 210km, average motorbike, rider only",TRANSPORT,30,🏍️,About four times the same trip by coach.,"Two wheels sounds light, but a petrol motorbike still burns plenty. The coach beats it easily.",,,,,,motorbike,"UK DESNZ GHG Conversion Factors 2025 (motorbike, average)",https://www.gov.uk/government/publications/greenhouse-gas-reporting-conversion-factors-2025,medium,0.14323 kg/km x 210 km.,2026-09-27,,,
Dublin–London Return Flight,"Economy, Dublin to Heathrow and back",TRANSPORT,133,✈️,Like driving an average petrol car about 640km.,"It's a short hop, but take-off burns loads of fuel. Rail and sail gets you there too.",,,,,,plane,"UK DESNZ GHG Conversion Factors 2025 (short-haul economy, with radiative forcing)",https://www.gov.uk/government/publications/greenhouse-gas-reporting-conversion-factors-2025,medium,899 km x 0.14825.,2026-09-27,,,
Dublin–Paris Return Flight,"Economy, Dublin to Charles de Gaulle and back",TRANSPORT,233,🗼,That's over 900 kWh of Irish electricity.,A weekend in Paris by plane costs the sky more than people think.,,,,,,plane-takeoff,"UK DESNZ GHG Conversion Factors 2025 (short-haul economy, with radiative forcing)",https://www.gov.uk/government/publications/greenhouse-gas-reporting-conversion-factors-2025,medium,"1,570 km x 0.14825.",2026-09-27,,,
Dublin–Tenerife Return Flight,"Economy, Dublin to Tenerife South and back",TRANSPORT,873,🏖️,More than a whole year of owning a pet dog (770 kg).,Sunshine is tempting after an Irish winter. But this trip alone is a big slice of a yearly carbon budget.,,,,,,plane,"UK DESNZ GHG Conversion Factors 2025 (short-haul economy, with radiative forcing)",https://www.gov.uk/government/publications/greenhouse-gas-reporting-conversion-factors-2025,medium,"5,891 km x 0.14825. 13% above Pet Dog 770.",2026-09-27,,,
Dublin–Los Angeles Return Flight,"Economy, long haul",TRANSPORT,2360,🌴,Over two years of a typical Irish home's electricity.,"From up in space, planes look tiny. This one trip outweighs two years of lights, fridge and telly at home.",,,,,,plane-takeoff,"UK DESNZ GHG Conversion Factors 2025 (long-haul economy, with radiative forcing)",https://www.gov.uk/government/publications/greenhouse-gas-reporting-conversion-factors-2025,medium,"16,636 km x 0.14165.",2026-09-27,,,
Dublin–Sydney Return Flight,"Economy, long haul",TRANSPORT,4880,🦘,"More than building a new small car (4,000 kg).",Halfway round the world and back. That's more CO2 than making a whole new car.,,,,,,plane,"UK DESNZ GHG Conversion Factors 2025 (long-haul economy, with radiative forcing)",https://www.gov.uk/government/publications/greenhouse-gas-reporting-conversion-factors-2025,medium,"34,429 km x 0.14165. Great-circle, ignores stopovers.",2026-09-27,,,
Boiling a Full Kettle,1.7 litres on Irish electricity,HOUSEHOLD,0.05,🫖,You could boil about 14 full kettles for the CO2 of one dishwasher cycle.,One kettle is tiny. Only boil what you need and it gets even tinier.,,,,,,coffee,SEAI Energy in Ireland 2024 (253.7 g CO2/kWh),https://www.seai.ie/sites/default/files/publications/energy-in-ireland-2024.pdf,medium,"Physics: 1.7 L x 90 K heating = 0.178 kWh, about 0.2 kWh with losses x 0.2537.",2026-09-27,,,
1kWh of Irish Electricity,"Average Irish grid, 2023",HOUSEHOLD,0.25,⚡,Four kWh of Irish electricity makes about 1 kg of CO2.,This is the magic number for Ireland. Every unit you use is about a quarter of a kilo.,,,,,,zap,"SEAI Energy in Ireland 2024, Appendix (electricity 2023: 253.7 g CO2/kWh)",https://www.seai.ie/sites/default/files/publications/energy-in-ireland-2024.pdf,high,"253.7 g per kWh consumed, 2023.",2026-09-27,IE,0.48,"Ember, Global Electricity Review 2024 (world average 480 g CO2 per kWh in 2023)"
10 Min Electric Shower,9.5kW electric shower on Irish grid,HOUSEHOLD,0.4,🚿,About the same as boiling 8 full kettles.,The electric shower is one of the hungriest things per hour in an Irish home. Shorter showers help.,,,,,,shower-head,SEAI Energy in Ireland 2024 (253.7 g CO2/kWh); 9.5kW typical rating,https://www.seai.ie/sites/default/files/publications/energy-in-ireland-2024.pdf,medium,9.5 kW x 10 min = 1.58 kWh x 0.2537.,2026-09-27,,,
1 Hour of a Plug-in Heater,2kW electric heater on Irish grid,HOUSEHOLD,0.5,🔥,The same as boiling about 10 full kettles.,Plug-in heaters feel cosy but they turn every unit straight into heat. A heat pump does far more with the same electricity.,,,,,,heater,SEAI Energy in Ireland 2024 (253.7 g CO2/kWh),https://www.seai.ie/sites/default/files/publications/energy-in-ireland-2024.pdf,medium,2 kWh x 0.2537.,2026-09-27,,,
1 Hour of Patio Heater,"13kW propane patio heater, full blast",HOUSEHOLD,3,🔥,One hour outdoors equals about 12 kWh of Irish electricity.,Heating the open sky. I'd rather grab a jumper and a blanket.,,,,,,flame,"UK DESNZ GHG Conversion Factors 2025 (propane, 0.23258 kg CO2e/kWh)",https://www.gov.uk/government/publications/greenhouse-gas-reporting-conversion-factors-2025,medium,13 kWh x 0.23258.,2026-09-27,,,
2 Bales of Peat Briquettes,25kg burned in the fire,HOUSEHOLD,46,🪵,Nearly double driving 100km in a petrol car (25 kg).,Irish bogs held this carbon for thousands of years. Burning a couple of bales lets it all out in an evening or two.,,,,,,flame-kindling,"SEAI Energy in Ireland 2024, Appendix (peat briquettes 98.9 t CO2/TJ, 18.55 MJ/kg)",https://www.seai.ie/sites/default/files/publications/energy-in-ireland-2024.pdf,medium,1.835 kg CO2 per kg x 25 kg.,2026-09-27,,,
1 New Washing Machine,"Manufacturing, before the first wash",HOUSEHOLD,341,🧺,The same as about 490 washes at 40°C.,Most of a washing machine's carbon is spent before it arrives. Fixing the old one often wins.,,,,,,washing-machine,"ADEME Impact CO2, Électroménager (lave-linge)",https://impactco2.fr/outils/electromenager,high,Manufacture 341.1 kg CO2e.,2026-09-27,,,
1 Year of Home Electricity,"Typical Irish home, 4,200kWh",HOUSEHOLD,1070,🏠,Works out at nearly 3 kg of CO2 every day.,"All the lights, the fridge, the telly and the washing, added up. More wind on the grid shrinks this every year.",,,,,,house,"CRU typical consumption 4,200 kWh (Electric Ireland) x SEAI 2023 253.7 g/kWh",https://www.electricireland.ie/residential/help/detail/what-is-the-estimated-annual-bill-and-how-is-it-calculated,medium,"4,200 x 0.2537 = 1,066.",2026-09-27,,,
500 Litres of Heating Oil,"A typical tank top-up, burned",HOUSEHOLD,1270,🛢️,Each litre burned releases about 2.5 kg of CO2.,Loads of Irish homes still heat with oil. A well-insulated house needs far fewer top-ups.,,,,,,fuel,"UK DESNZ GHG Conversion Factors 2025 (burning oil, 2.54016 kg CO2e/litre)",https://www.gov.uk/government/publications/greenhouse-gas-reporting-conversion-factors-2025,high,"500 x 2.540, direct combustion.",2026-09-27,,,
1 Web Search,"Device, network and data centre share",DIGITAL,0.00123,🔎,It takes around 800 searches to make 1 kg of CO2e.,"One search is tiny. But billions of people search every day, so the tiny bits pile up fast.",,,,,,search,"ADEME Impact CO2, Usage numérique (Base Empreinte)",https://impactco2.fr/outils/usagenumerique/rechercheweb,medium,"1.23 g per search, French grid.",2026-09-27,,,
1 Hour of Video Call,"Device, network and data centre",DIGITAL,0.057,💻,About the same as driving 400 metres in a petrol or diesel car.,I video call my crew back home a lot. Turning the camera off when it's not needed makes each call lighter.,,,,,,video,"ADEME Impact CO2, Usage numérique (visioconférence)",https://impactco2.fr/outils/usagenumerique/visioconference,medium,"0.057 kg per hour, French grid.",2026-09-27,,,
100 AI Chatbot Replies,Medium-length replies from one large model,DIGITAL,0.114,🤖,"One reply is about 1.14 g, roughly the same as one web search.",Asking a chatbot feels free. Each answer still runs on real machines in real buildings using real electricity.,,,,,,bot,"Mistral AI life cycle analysis with Carbone 4 and ADEME, July 2025",https://mistral.ai/news/our-contribution-to-a-global-environmental-standard-for-ai,medium,1.14 g per 400-token Mistral Large 2 reply. One company's model.,2026-09-27,,,
1 TB in the Cloud for a Year,"Storing 1,000 GB for 12 months",DIGITAL,0.235,☁️,About the same as driving 1.7 km in a petrol or diesel car.,The cloud isn't in the sky. It's big buildings full of humming drives. Deleting old files helps a little.,,,,,,cloud,"ADEME Impact CO2, stockage de données dans le cloud",https://impactco2.fr/outils/usagenumerique/stockagedonnee,medium,"0.000235 kg per GB per year x 1,000. French grid.",2026-09-27,,,
1 Year of a Refurbished Phone,"Per year of use, vs about 26 kg for a new phone",DIGITAL,3.4,📱,"A new phone works out at about 26 kg a year, so refurbished saves around 23 kg.","A second-hand phone skips most of the factory part. Same calls, same photos, far less carbon.",,,,,,smartphone,"ADEME/Arcep 2022, produits reconditionnés",https://labo.societenumerique.gouv.fr/fr/articles/impact-environnemental-des-smartphones-quels-b%C3%A9n%C3%A9fices-du-reconditionnement-par-rapport-au-neuf/,medium,"23 kg avoided per year = 87% reduction, so about 3.4 kg per year.",2026-09-27,,,
1 Smartwatch,"Made, shipped, used 3 years, recycled",DIGITAL,8.1,⌚,You could make nearly nine of these for one new smartphone's 70 kg.,"Small gadget, small footprint. But I count every one, and people often own lots of them.",,,,,,watch,"Apple, Apple Watch Series 11 Product Environmental Report, Sept 2025",https://www.apple.com/environment/pdf/products/watch/Apple_Watch_Series_11_PER_Sept2025.pdf,high,Full lifecycle. One manufacturer.,2026-09-27,,,
1 Pair of Wireless Earbuds,"Made, shipped, used 3 years, recycled",DIGITAL,13,🎧,About the same as driving 90 km in a petrol or diesel car.,"Earbuds are tiny, but the batteries and chips inside take real energy to make. Look after them.",,,,,,headphones,"Apple, AirPods Pro 3 Product Environmental Report, Sept 2025",https://www.apple.com/environment/pdf/products/airpods/Apple_AirPods_Pro_3_PER_Sept2025.pdf,high,Full lifecycle incl. case and packaging. One manufacturer.,2026-09-27,,,
1 Tablet,Manufacturing and delivery,DIGITAL,84,📲,About 1.2 times the carbon of making one new smartphone (70 kg).,Most of a tablet's carbon is spent before you switch it on. Keeping it longer is the big win.,,,,,,tablet,"ADEME Impact CO2, Numérique (tablette)",https://impactco2.fr/outils/numerique/tabletteclassique,high,83.9 kg manufacturing and distribution.,2026-09-27,,,
1 Games Console,Production only,DIGITAL,190,🎮,Five years of play adds another 538 kg in Microsoft's US estimate.,"Making the console is only the start. Most of its carbon comes later, from the electricity used to play it.",,,,,,gamepad-2,"Microsoft, Xbox Series X Ecoprofile, Oct 2023",https://download.microsoft.com/download/4/8/D/48D50344-33CD-4D9A-BA11-0C7DCA1A3948/EcoProfile_XboxSeries_X.pdf,high,"Production 190 kg incl. controller, cables and packaging.",2026-09-27,,,
1 TV,Made and used for 8 years,DIGITAL,370,📺,"Making it is 328 kg of that, about 89%.",A telly's biggest carbon cost happens in the factory. Keeping one for years beats upgrading.,,,,,,tv,"ADEME Impact CO2, Numérique (télévision)",https://impactco2.fr/outils/numerique/television,high,"328 manufacturing + 29.6 use (French grid, 8 years) + 11.9 end of life.",2026-09-27,,,
1 Recycled Cotton Jumper,Production and delivery,FASHION,8.1,♻️,About a sixth of a new wool jumper (52.9 kg).,Recycled cotton skips growing new cotton. That's where a lot of the carbon hides.,,,,,,recycle,"ADEME Impact CO2, Habillement (pull en coton recyclé)",https://impactco2.fr/outils/habillement/pullencotonrecycle,high,"Production footprint, excl. washing.",2026-09-27,,,
1 Cotton Shirt,Production and delivery,FASHION,11.2,👔,Almost twice a fast fashion t-shirt (6 kg).,"More fabric, more stitching, more carbon. A good shirt worn for years spreads that out nicely.",,,,,,shirt,"ADEME Impact CO2, Habillement (chemise en coton)",https://impactco2.fr/outils/habillement/chemiseencoton,high,Production footprint.,2026-09-27,,,
1 Faux Leather Jacket,Production and delivery,FASHION,24,🧥,About the same as driving 170 km in a petrol or diesel car.,"Faux leather is mostly plastic made from oil. It's not animal, but it's not carbon-free either.",,,,,,shopping-bag,"ADEME Impact CO2, Habillement (veste simili-cuir)",https://impactco2.fr/outils/habillement/vestesimilicuir,high,Production footprint.,2026-09-27,,,
1 Rain Jacket,Production and delivery,FASHION,38.7,🌧️,About 20% more than a pair of jeans (33 kg).,In Ireland a rain jacket is basically survival gear. Buy one good one and wear it for years.,,,,,,umbrella,"ADEME Impact CO2, Habillement (veste imperméable)",https://impactco2.fr/outils/habillement/vesteimpermeable,high,Production footprint.,2026-09-27,,,
1 Wool Jumper,Production and delivery,FASHION,52.9,🐑,About six and a half recycled cotton jumpers (8.1 kg each).,"Wool is warm and natural, but sheep burp methane. Most of this jumper's carbon comes from the farm.",,,,,,shirt,"ADEME Impact CO2, Habillement (pull en laine)",https://impactco2.fr/outils/habillement/pullenlaine,high,Raw materials 39.3 of 52.9 kg.,2026-09-27,,,
1 Winter Coat,Production and delivery,FASHION,85.8,🧥,About the same as 14 fast fashion t-shirts (6 kg each).,A big coat is a big carbon bill. Wear it for many winters and each one costs much less.,,,,,,snowflake,"ADEME Impact CO2, Habillement (manteau)",https://impactco2.fr/outils/habillement/manteau,high,Production footprint.,2026-09-27,,,
1 Home Football Match,Travel for one home fan,SPORT,1.7,⚽,About the same as driving 12 km in a petrol or diesel car.,"Walking, cycling or taking the bus to the match makes a real difference. So does sharing the car.",,,,,,ticket,"Dosumu, Colbeck & Bragg (2017), Scientific Reports 7:6986",https://pmc.ncbi.nlm.nih.gov/articles/PMC5539281/,medium,"Travel only, English tiers 3 to 10.",2026-09-27,,,
1 Away Football Match,Travel for one away fan,SPORT,13.7,🚌,About eight times a home fan's trip (1.7 kg).,"Following your team away means long drives. Supporters' buses fill every seat, and that helps.",,,,,,bus,"Dosumu, Colbeck & Bragg (2017), Scientific Reports 7:6986",https://pmc.ncbi.nlm.nih.gov/articles/PMC5539281/,medium,"13.71 kg per away spectator, travel only.",2026-09-27,,,
1 Pair of Sports Shoes,Production and delivery,SPORT,18.7,👟,About the same as driving 130 km in a petrol or diesel car.,Good trainers carry you a long way. Resoling or passing them on stretches their carbon further.,,,,,,footprints,"ADEME Impact CO2, Habillement (chaussures de sport)",https://impactco2.fr/outils/habillement/chaussuresdesport,high,Production footprint.,2026-09-27,,,
1 Day Skiing,"Per skier, travel, lifts, lodging, food, kit",SPORT,48.9,⛷️,"More than half of it, 52%, is just getting there.","Snow is magic. But getting to the mountains is most of the carbon, so train travel helps loads.",,,,,,mountain-snow,"ADEME Impact CO2, Cas pratiques (journée au ski)",https://impactco2.fr/outils/caspratiques/ski,medium,"French resorts, French travel.",2026-09-27,,,
1 Year of Marathon Running,"Training plus a race in New York, one runner",SPORT,4280,🏃,"The transatlantic flight alone is 3,560 kg, about 83% of it.",Running itself is almost carbon-free. Flying to a race is what makes the number jump.,,,,,,person-standing,"Castaignède et al. (2021), Int. J. Environ. Res. Public Health 18(5):2769",https://pmc.ncbi.nlm.nih.gov/articles/PMC7967273/,medium,Same year with a local race was 730 kg.,2026-09-27,,,
1 Rugby Team's World Cup Flights,"45 players and staff, long-haul return",SPORT,140000,🏉,"About 3,100 kg for each of the 45 people on board.",Top teams fly a lot. One return trip for one squad is a mountain of carbon.,,,,,,plane,"ADEME Impact CO2, Cas pratiques (A/R Johannesburg-Paris d'une équipe de rugby)",https://impactco2.fr/outils/caspratiques/avion-johannesburg-paris-rugby,medium,"45 people x 17,462 km x ADEME long-haul factor. Scenario, not a measured charter.",2026-09-27,,,
1 m³ of Sawn Timber,"Fossil emissions, cradle to gate",CONSTRUCTION,28.9,🪵,The wood also holds about 741 kg of CO2 taken from the air while the tree grew.,Wood is the lightest builder here. The tree pulled carbon from the air and keeps it locked in the beams.,,,,,,tree-pine,"SCA Wood AB, EPD NEPD-3442-2053, 2022",https://www.epd-global.com/getfile.php/13192237-1741692008/EPDer/Byggevarer/Heltreprodukter/NEPD-3442-2053_Sawn-dried-timber-of-Spruce-and-Pine-with-an--average-moisture-content-of-16-.pdf,high,GWP-fossil A1-A3; biogenic carbon not counted.,2026-09-27,,,
1 m³ of Low-Carbon Concrete,Irish ready-mix with 30% GGBS,CONSTRUCTION,159,🏗️,About 27% less than the same concrete with no GGBS (218 kg).,"Swap some cement for GGBS, a leftover from steelmaking, and the same concrete gets much lighter on carbon.",,,,,,construction,"Irish Concrete Federation EPD, C28/35 Readymix (30% GGBS), June 2025",https://www.igbc.ie/wp-content/uploads/2025/06/EPD-Irish-Concrete-Federation-C2835-Readymix-Concrete-30-19-06-25-EPDIE-24-191.pdf,high,GWP-total A1-A3.,2026-09-27,,,
1 m³ of Concrete,"Irish ready-mix, no cement replacement",CONSTRUCTION,218,🧱,One cubic metre weighs about 2.4 tonnes.,Concrete is everywhere in Irish homes. Most of its carbon comes from the cement that glues it together.,,,,,,hard-hat,"Irish Concrete Federation EPD, C28/35 Readymix (0% GGBS), June 2025",https://www.igbc.ie/wp-content/uploads/2025/06/EPD-Irish-Concrete-Federation-C2835-Readymix-Concrete-0-19-06-25-EPDIE-24-195.pdf,high,GWP-total A1-A3.,2026-09-27,,,
"1,000 Bricks",UK average clay bricks,CONSTRUCTION,454,🧱,That's about 0.45 kg for every single brick.,"Bricks are baked in hot kilns, and that heat usually comes from gas. A thousand bricks adds up.",,,,,,brick-wall,"Brick Development Association, BRE EPD 000002, 2019",https://www.brick.org.uk/uploads/downloads/breg-en-epd-000002-v4.pdf,medium,213 kg per tonne x 2.13 kg per brick.,2026-09-27,,,
1 Tonne of Recycled Steel,Scrap melted in an electric furnace,CONSTRUCTION,710,♻️,"About a third of average steel's 2,180 kg.",Melting old steel with electricity beats making new steel from ore and coal. Scrap is precious.,,,,,,recycle,"worldsteel, Sustainability Indicators 2025",https://worldsteel.org/wp-content/uploads/Sustainability-Indicators-2025.pdf,high,Scrap-EAF 0.71 t CO2e per t.,2026-09-27,,,
1 Tonne of Steel,World average crude steel,CONSTRUCTION,2180,🔩,About three times recycled steel (710 kg).,"Steel holds up bridges and buildings. Most of it is still made with coal, which is why it's so heavy on carbon.",,,,,,factory,"worldsteel, Sustainability Indicators 2025",https://worldsteel.org/wp-content/uploads/Sustainability-Indicators-2025.pdf,high,2.18 t CO2e per t.,2026-09-27,,,
1 New Semi-Detached Home,"Irish 118 m² semi, materials and building",CONSTRUCTION,48500,🏠,About 411 kg for every square metre of the house.,"Before anyone moves in, a new Irish semi has already caused about 48 tonnes. Reusing buildings saves a lot.",,,,,,house,"Construct Innovate / Irish Green Building Council, INDICATE, 2025",https://www.igbc.ie/wp-content/uploads/2025/03/INDICATE-TechnicalReport-FINAL.pdf,medium,411 kg per m² x 118 m² upfront (A1-A5). Only 4 case studies.,2026-09-27,,,
